258.4635364,268.7947566,50.14429681,53.39148712,-54.08230678,0,61.14723777,19.20162198
261.089718,268.849823,50.81801487,54.15575861,-73.69944966,0,62.79884735,20.97052757
262.6197657,267.7182873,51.49822331,54.9427348,-112.8598996,0,64.30103253,22.28163035
262.8312415,265.260163,51.94903064,55.49456604,-79.41118783,0,65.48746077,23.88151872
262.0132088,261.8971682,52.41494005,55.78056409,-59.63945298,0,66.54105495,25.95578756
260.4633869,257.9380098,53.10071013,55.9881351,-46.73069343,0,67.56336437,27.83040264
258.1179334,253.3006196,53.77654327,56.28916852,-58.19748989,0,68.41567674,28.71763977
254.8613406,248.0172646,54.29949573,56.74836341,-89.92627565,0,69.01852498,28.90662961
250.767421,242.2891773,54.6775557,57.1866627,-49.57202152,0,69.42008761,29.35501488
245.8340145,236.0110687,54.69858112,57.2393563,-24.90484305,0,69.46584217,29.99649835
240.1830622,229.3025794,54.43069422,57.04932962,-8.717471049,0,69.13023137,30.10786886
234.2469492,222.7300834,54.2469516,57.12018393,-18.78268362,0,68.77255375,29.4221459
227.6833163,215.9468695,53.64123362,57.10151267,-50.7765115,0,68.01658138,27.96345367
220.2949151,208.6915666,52.3363434,56.66839201,-12.53430412,0,66.62644702,26.38354328
212.6284024,201.4813223,50.90815671,56.02343815,9.371757298,0,65.15697104,25.34795569
204.7524787,194.352986,49.3628089,55.10053282,21.27765879,0,63.55200426,24.10174888
196.6826356,187.3265597,47.58813302,54.11152366,6.110908166,0,61.64546895,21.77434555
188.5187229,180.401731,45.68720993,53.1507913,-29.36763657,0,59.62913991,19.00058251
180.0621389,173.2361754,43.52750825,51.83100611,4.064616843,0,57.4409889,16.64994993
171.3247855,165.9026142,41.12461213,50.07751306,21.6506251,0,55.02725376,14.7062957
162.723815,158.7585506,38.77848446,48.0514963,29.26360556,0,52.58755315,12.71791871
154.4553301,151.7935886,36.7104702,46.00459204,8.12078014,0,50.27542218,10.18564976
145.9896562,144.5128199,34.51537339,43.84073493,-30.26355379,0,47.78729964,7.182024778
137.1004961,136.7532148,31.88344647,41.13899676,-0.972683126,0,44.89071883,4.440629324
128.5655911,129.1483758,29.56622882,38.25101024,10.49517102,0,42.19117704,2.590239912
120.2610421,121.5220683,27.53321597,35.25522349,15.34068177,0,39.65054032,0.880169478
111.7095399,113.5047048,25.26674135,31.9913329,-8.517231883,0,36.7802267,-1.784927366
103.4558099,105.6032462,23.24165699,29.02563006,-49.93583333,0,34.04749419,-4.6152563
95.15543618,97.45371271,21.19544268,26.08604401,-21.74559703,0,31.36183002,-6.753361121
86.47955016,88.82475125,18.82795749,22.78734218,-10.12377405,0,28.42299293,-8.338253637
78.15646373,80.39825074,16.78587422,19.69337665,-5.048457447,0,25.73617303,-9.645621221
70.02140546,72.02672306,14.94687154,16.98257011,-29.02540545,0,23.21310981,-11.44219538
61.57604518,63.28609803,12.82320345,14.45437143,-68.5959007,0,20.45907664,-13.58469343
53.03778845,54.37535545,10.62453954,12.0442696,-37.72576348,0,17.73637258,-14.85352519
44.46311374,45.36897294,8.52125516,9.646624174,-24.79346366,0,15.16469991,-15.14199566
35.99315562,36.39373648,6.608039998,7.439923889,-17.79132381,0,12.71303854,-15.21306629
27.77173295,27.63134778,4.90532482,5.55961441,-37.84681607,0,10.40539185,-15.63998724
19.46553662,18.7722337,3.172250863,3.833532029,-73.43017585,0,8.094144079,-16.15004137
11.23442975,9.960379546,1.658922821,2.433601943,-39.68694795,0,6.054903759,-15.65964123
3.28566535,1.488322984,0.411743506,1.17245915,-22.64166827,0,4.324655293,-14.12176776
-4.494429376,-6.769710234,-0.797522216,-0.21469245,-11.17146051,0,2.621499401,-12.5645196
-11.73390677,-14.45609538,-1.533793216,-1.037724173,-28.68959641,0,1.340686954,-11.3368081
-18.50817277,-21.57963016,-1.925201142,-1.243363963,-62.08556539,0,0.457202897,-10.08532097
-25.24632193,-28.53344447,-2.52168012,-1.476573108,-26.03256162,0,-0.446473145,-8.378680068
-31.5824807,-34.95275764,-3.010254968,-1.610949816,-7.600552424,0,-1.116469042,-5.990089078
-37.22642211,-40.59733014,-3.111557033,-1.440721418,3.471415333,0,-1.421506417,-3.608231541
-42.37449442,-45.62044858,-3.128476958,-1.006376413,-14.31054883,0,-1.592291841,-2.148319478
-47.06606112,-50.03808284,-3.208701594,-0.23775509,-46.65733863,0,-1.663047777,-1.194397372
-51.51021098,-54.07781585,-3.415282876,0.565148383,-11.30396124,0,-1.739970151,-0.059612607
-55.83495546,-57.8727113,-3.900984475,1.057294961,6.106411405,0,-1.993964366,1.128811322
-59.32567669,-60.78494831,-4.160678684,1.70062397,16.79921056,0,-1.959671894,2.121726191
-62.28161876,-63.06226577,-4.360120891,2.515491501,-2.406334584,0,-1.872925085,2.005864244
-65.61646612,-65.67598261,-5.300786775,2.959095932,-36.85639986,0,-2.483726986,0.612517067
-68.50783016,-67.91491837,-6.193001376,3.473676078,-4.038117984,0,-2.946190961,-0.342285193
-70.94070837,-69.65793176,-7.056281203,3.871590746,11.46715836,0,-3.314682863,-0.869392046
-73.5713655,-71.71331787,-8.586099075,3.607499692,18.65015139,0,-4.376829059,-2.260551259
-75.75452803,-73.51899557,-9.912079056,3.454600688,-4.431057743,0,-5.350200627,-4.333361056
-77.72192423,-75.14219288,-11.27745713,3.408975332,-39.44656256,0,-6.389066308,-6.800694823
-79.87271571,-77.07276982,-13.27820865,2.876228509,-7.880471424,0,-7.978842579,-9.122728789
-81.78184374,-78.85532316,-15.25116713,2.10627375,6.43299981,0,-9.532807343,-10.50371066
-83.52881722,-80.49995844,-17.11722215,1.159513579,14.31182611,0,-11.10310941,-11.72531545
-85.02415761,-81.989108,-18.98481988,0.13806581,-7.878587142,0,-12.82012358,-13.65434366
-86.18172542,-83.05035874,-20.75010218,-0.623460811,-40.9666354,0,-14.41809169,-15.42009708
-87.37317647,-84.0269584,-22.51543358,-1.398732198,-7.528432438,0,-15.93753339,-16.10223321
-88.49535357,-84.96206676,-24.21308838,-2.515609017,8.812960249,0,-17.45264002,-15.93081807
-88.99946932,-85.18544023,-25.46982923,-3.456852283,17.64365709,0,-18.61270612,-15.33719078
-88.89801479,-84.70014901,-26.2357449,-3.946003251,-3.62797016,0,-19.32319127,-14.87187851
-88.69712408,-84.1201781,-26.9217862,-4.384295466,-33.66595223,0,-19.97659878,-14.58419443
-88.24348862,-83.24398759,-27.43104905,-4.691181308,-0.075048817,0,-20.38946643,-13.4638654
-87.32401353,-81.89186444,-27.64173608,-4.984155211,15.96042545,0,-20.46478445,-11.45694195
-85.96047066,-80.17630152,-27.56379011,-5.353850268,27.12764986,0,-20.35267304,-9.620291339
-84.12361157,-78.03189518,-27.11754474,-5.391298647,5.629339193,0,-19.94103212,-8.480567304
-82.15940179,-75.80628412,-26.64324825,-5.273101948,-25.80285666,0,-19.46243547,-7.685210143
-80.08838532,-73.61467302,-26.18461603,-5.215897106,7.904895668,0,-18.98240233,-6.587979684
-77.86813036,-71.35785676,-25.63545061,-5.265320779,23.78034571,0,-18.41884211,-5.112493758
-75.63794434,-69.1451725,-25.09567968,-5.528096512,31.79282935,0,-17.90701258,-3.902651376
-73.13764536,-66.84364927,-24.31177687,-5.598951179,6.412224012,0,-17.29047073,-3.574841193
-70.78002207,-64.77631283,-23.5964037,-5.590490448,-25.27493421,0,-16.83694491,-3.921566292
-68.94149803,-63.22709959,-23.31967071,-5.996626431,6.181323595,0,-16.78926626,-4.052122587
-67.0812186,-61.74248475,-22.90119183,-6.60487156,17.75394861,0,-16.6649102,-3.588484512
-65.47741347,-60.57355532,-22.54158454,-7.661226644,25.12548512,0,-16.82857215,-3.650761441
-64.17773244,-59.69976724,-22.36097024,-9.025798208,-0.190552817,0,-17.39919017,-4.849564001
-62.75583281,-58.68143374,-21.86209685,-10.15124168,-32.60729139,0,-17.82621943,-6.164618208
-61.88164047,-58.17723771,-21.71561748,-11.8381969,-0.510660281,0,-18.6762997,-7.262847701
-61.42744734,-58.03452372,-21.8922496,-14.20488458,12.4152756,0,-19.97343779,-8.14134825
-60.53797821,-57.40830041,-21.47603714,-16.42882591,20.848444,0,-20.97538874,-8.778696871
-59.42840681,-56.54317189,-20.78405302,-18.53263685,-3.249722251,0,-21.88398146,-10.08635986
-58.43081952,-55.70155949,-20.25548259,-20.60765574,-35.36740573,0,-22.99366105,-11.83715302
-57.28563023,-54.62860929,-19.5687117,-22.51690438,-3.097236944,0,-23.97373397,-12.71106791
-55.71710764,-53.15820694,-18.46498919,-24.18067085,11.46343278,0,-24.52725423,-12.59475441
-53.66264847,-51.18083152,-16.99221318,-25.50579389,19.37176135,0,-24.71279356,-12.36823938
-51.1931205,-48.75849301,-15.27043143,-26.43476608,-5.73722033,0,-24.6552203,-12.65450041
-48.26378154,-45.96413508,-13.12054258,-26.54617744,-34.73254098,0,-24.09214749,-12.75636513
-45.03455261,-42.92891797,-10.71016473,-26.09060241,-0.48399998,0,-23.03864318,-11.91844586
-41.82147251,-39.95904829,-8.474918675,-25.82753443,15.03164265,0,-21.92748735,-10.50308516
-38.11850081,-36.65531071,-5.767010571,-25.06434229,26.58440388,0,-20.29717978,-8.804674088
-34.0164614,-33.1188562,-2.660172399,-23.60992183,4.874058958,0,-18.19001749,-7.522382779
-30.33109978,-30.12364916,-0.031560098,-22.21406452,-20.97892955,0,-16.33509483,-6.795393079
-26.93370736,-27.53081868,2.414626377,-20.73440936,16.27950338,0,-14.45655267,-5.448545482
-23.74145593,-25.27470626,4.7407229,-19.37764654,34.4039378,0,-12.56593453,-3.492799335
-20.96392918,-23.56946089,6.67643962,-18.42194988,46.84883706,0,-11.02576034,-2.01393643
-18.69388114,-22.41237273,8.293215387,-17.49670244,25.15542819,0,-9.814658988,-1.567647828
-17.03060106,-21.83129442,9.464581011,-16.65185289,0.801323165,0,-8.975074979,-1.660130691
-16.1475996,-22.02965415,9.955855536,-16.38104309,36.48576456,0,-8.708994199,-1.583621144
-16.15528079,-23.03641897,9.774148309,-16.83187766,51.60778205,0,-9.125400952,-1.442411093
-16.57318467,-24.24931267,9.314948076,-17.62068128,63.22153543,0,-9.851012918,-1.684416513
-17.34308059,-25.68723324,8.533270204,-18.63735201,38.58400443,0,-10.9275529,-2.917738804
-18.71689345,-27.57973959,7.238711468,-19.95207101,9.853845211,0,-12.57640454,-4.790602802
-20.51471915,-29.59430501,5.549740116,-21.58886479,42.02018391,0,-14.5173675,-6.219499844
-22.5898433,-31.6816671,3.531497823,-23.65767297,53.69548108,0,-16.64836537,-7.161734021
-24.35824704,-33.32647659,1.751687987,-25.66539221,60.17345298,0,-18.63202868,-8.053274882
-25.68676589,-34.34637311,0.267504321,-27.30173394,29.23970523,0,-20.36673256,-9.420160245
-26.91289267,-35.13919687,-1.294768593,-28.67750098,-2.964744562,0,-22.00778868,-10.92780607
-27.61399422,-35.31358899,-2.472508585,-29.57869772,25.88477841,0,-23.12539114,-11.37879541
-27.62996877,-34.80614002,-3.110132762,-30.07522893,32.82259118,0,-23.605715,-10.76130311
-26.87106789,-33.60223803,-3.203766615,-30.04414627,36.62236431,0,-23.45229708,-9.842427023
-25.10410915,-31.41615598,-2.534725194,-29.0712376,5.423568466,0,-22.49170015,-9.167824085
-22.73532531,-28.79284614,-1.388490228,-27.35692299,-26.25445801,0,-20.93166354,-8.446710566
-19.93594409,-25.95362301,0.05500175,-25.18685737,2.864405334,0,-18.86345359,-6.817080405
-16.57527212,-22.63635131,1.893916116,-22.63380005,11.98091388,0,-16.24119455,-4.371719022
-12.83621365,-19.11130245,4.021876802,-19.86378569,18.91405898,0,-13.29630657,-2.044808954
-8.812791146,-15.49359447,6.364615404,-16.74298321,-10.78516661,0,-10.13614257,-0.351206348
-4.762093409,-11.93582771,8.731068769,-13.29365054,-40.70731114,0,-6.892536625,1.105178137
-1.266963488,-8.9612787,10.49254614,-10.27785652,-9.233640804,0,-4.093059175,2.759782062
1.882446345,-6.279778761,11.87562524,-7.702972732,1.262039676,0,-1.587895359,4.88444198
4.996887129,-3.619057879,13.38517162,-5.186600807,8.000309195,0,0.895326647,6.98925086
7.582916235,-1.411496874,14.30219913,-3.087931637,-21.08590036,0,2.742200904,7.892953131
9.596818813,0.443206958,14.50738351,-1.320658416,-48.96868436,0,3.954839651,8.240301506
11.11988459,1.996338114,14.40212112,0.132136292,-16.76778793,0,4.86001869,9.164834258
12.02454584,3.161039952,13.71350315,0.954001854,-4.856523958,0,5.230619794,10.2939223
12.70309951,4.317934045,12.6618772,1.433330667,4.244638532,0,5.190199282,10.99820561
13.15559616,5.403745358,11.46004093,1.772297265,-22.80938741,0,4.886453841,10.72295974
12.98398967,6.134177624,9.750305177,1.844956355,-47.91964402,0,4.103150874,9.70700003
12.39342928,6.637129281,7.640783187,1.618215597,-13.66189578,0,2.973069695,8.922720661
11.57331161,6.932635931,5.412028835,1.019690469,0.060068082,0,1.719721136,8.415911809
10.48994418,7.027146585,3.12888643,0.020170956,10.28533482,0,0.260127522,7.280286136
9.325029805,7.037569817,0.888734761,-1.133389601,-16.77554482,0,-1.336207823,4.970643531
8.168522223,6.954146649,-1.214247583,-2.116196257,-41.66131985,0,-2.811219503,2.276062321
6.896973743,6.65190047,-3.120219155,-3.165903917,-8.354787222,0,-4.163776944,0.107166189
5.527535834,6.040528757,-4.967085049,-4.706871773,4.197220681,0,-5.527297454,-1.74344403
4.62739428,5.689883644,-6.298709863,-6.090637936,12.794757,0,-6.446996679,-3.598832326
4.427238524,5.889694789,-6.614517931,-6.681374868,-16.48870905,0,-6.578197976,-5.612224484
4.382352546,6.003201055,-6.669598636,-6.953089591,-41.74759723,0,-6.415947483,-7.619556809
4.520828225,6.125726512,-6.607599576,-7.053798752,-8.977669339,0,-5.958525305,-8.659554719
5.214515867,6.733348842,-5.79038227,-6.642235577,2.832802848,0,-4.741784076,-8.360802096
6.491450987,7.775162402,-4.333411459,-5.600172639,11.64485181,0,-2.859860732,-7.60357429
8.166932273,9.089669931,-2.598603411,-3.96364493,-16.61376439,0,-0.640974093,-7.071809069
9.838696104,10.40378378,-0.854571294,-1.915701871,-39.91505643,0,1.726636338,-6.288654681
11.52278242,11.75935497,0.910659887,0.481149407,-6.231043734,0,4.319352227,-4.475341183
13.26478796,13.18524691,2.672913415,3.07695613,7.204634238,0,7.032475296,-1.746375651
14.76700632,14.38879459,4.15717416,5.578184733,17.82813156,0,9.506729277,0.976010172
16.17230016,15.58095486,5.514264135,8.198908104,-10.57930105,0,11.83086305,3.078530985
17.20703258,16.60144579,6.490278854,10.89993264,-33.66040503,0,13.8218296,4.941298031
17.32573084,16.84958555,6.591973258,13.08132794,-0.849831953,0,15.0437579,7.186250752
17.08007821,16.84743733,6.3825026,14.78916279,11.10236311,0,15.8868455,9.878670969
16.54024037,16.7711952,5.903370841,15.99709374,19.1916482,0,16.27067725,12.10303504
15.30771059,16.15552395,4.766523844,16.66108926,-14.23667048,0,15.85038112,13.16180042
13.71259158,15.31828736,3.363593722,17.09506768,-39.30089166,0,14.97939755,13.67885495
11.60698068,14.11079962,1.507294719,16.77234287,-8.2017782,0,13.48628129,14.1731139
9.08757331,12.49233918,-0.790264177,15.62375581,-0.779534488,0,11.44997287,14.73076016
6.787227275,11.14407746,-2.821184062,14.2559293,6.235810982,0,9.363308282,14.83330038
4.576461865,9.875405001,-4.747386497,12.58162495,-25.33733213,0,7.025441883,13.5632016
2.354341163,8.447006844,-6.81350105,10.72991618,-49.77439054,0,4.505945833,11.60354979
0.411399042,7.240710203,-8.61067506,8.911392171,-16.41251158,0,2.197904121,10.11573066
-1.122550786,6.368559141,-9.98799027,6.905655612,-3.835816272,0,0.149846923,8.907761819
-2.059930905,5.937138874,-10.91102226,5.028322784,6.393976272,0,-1.488055301,7.427141551
-2.305441094,6.086293178,-11.22789937,3.678515735,-21.94707614,0,-2.564708157,5.36955837
-1.937045969,6.811490435,-10.95412309,2.937073429,-41.44832705,0,-3.016728062,3.296863469
-1.172275918,7.925222835,-10.30851732,2.592129573,-6.041269967,0,-2.918268732,2.161258887
-0.072069606,9.338264795,-9.329251442,2.317933832,7.954228015,0,-2.366325404,1.991468224
1.82414995,11.55157311,-7.57677252,2.648393325,19.81882549,0,-1.006801039,2.347171777
4.203947434,14.29860111,-5.317335661,3.652660888,-9.06800242,0,0.893292505,2.593823274
6.357943944,16.84645468,-3.162184005,4.784440117,-28.70314273,0,2.787719103,3.085621144
8.553189972,19.46850509,-0.863737313,6.168510253,6.561243802,0,4.967463979,5.050529859
10.68629742,22.03448752,1.448757942,7.479297814,19.3628988,0,7.216325016,8.157420988
12.37687424,24.09897291,3.48946325,8.458372403,30.12297836,0,9.13315111,11.39612413
13.91610708,25.97327534,5.524975754,9.61249533,0.453768575,0,10.94922054,14.51232862
14.974789,27.32426253,7.147451251,10.66647299,-20.37228816,0,12.31791951,17.59459275
15.05170605,27.53274569,7.923385647,11.069841,13.46007949,0,12.9160235,21.20825052
14.57101028,27.04195267,8.270019259,10.98506002,25.9987598,0,13.06452806,25.4017467
13.88945046,26.23092048,8.430588183,10.61676776,33.8298002,0,12.82218575,29.12895718
12.78542289,24.77092068,8.082905376,10.02917527,1.082520063,0,12.01771621,31.67550493
11.09880271,22.58189388,7.118159786,9.261800833,-19.169174,0,10.65517291,33.47785893
9.206162688,20.0575076,5.937220025,8.280587107,12.12727854,0,9.063887764,35.38611745
7.3150662,17.33105244,4.534389734,7.031112841,21.69658399,0,7.316408328,37.24155993
5.478172247,14.55434902,2.96042176,5.760731325,30.05897128,0,5.402900212,38.19403914
4.114616469,12.16396214,1.755802441,4.834385132,-3.170646992,0,3.789048398,38.03024234
3.099658352,10.06947707,0.707209042,4.232803857,-23.54714655,0,2.445128962,37.23107833
2.05809599,7.948257537,-0.573759042,3.62985031,9.209154326,0,1.051889193,36.42271161
1.532446992,6.282838003,-1.459892767,3.101346695,20.85138475,0,0.13186815,35.98080896
1.756552086,5.373353252,-1.646613784,2.950254735,30.53414187,0,-0.081603307,35.24843391
2.182199537,4.730385188,-1.687631569,3.0050615,-2.090249404,0,-0.110215119,33.40202761
2.836255389,4.317537803,-1.589111679,3.258994763,-18.91203823,0,0.132952444,31.24237651
3.657757384,4.040106723,-1.229409096,3.644019881,16.02247588,0,0.779396119,29.63305082
4.417943411,3.721948012,-0.776473584,3.810962801,27.26679034,0,1.590960123,28.39121477
5.339305639,3.602426196,-0.151726735,3.836980381,39.16313601,0,2.562685301,26.91559763
6.235099724,3.407397895,0.592478612,3.927105257,8.619676785,0,3.573147116,24.50255726
6.832992095,2.917910231,1.263599887,4.030049649,-7.629307838,0,4.498102571,21.69074762
7.139506317,2.221839871,1.75330606,3.90509238,27.45892582,0,5.301930626,19.56236734
7.022167226,1.122446701,2.067828443,3.310735745,38.3253358,0,5.789665386,17.77158431
6.716946188,-0.129026694,2.399659674,2.498786202,50.07805158,0,6.07358888,15.50996559
6.369668672,-1.319019045,2.704722417,1.852923532,17.0705683,0,6.226131426,12.56308479
5.548019898,-2.897497085,2.721403329,1.140925559,-4.366108157,0,5.914456345,9.208871165
4.253474349,-4.866453328,2.397348166,0.16190106,27.19655821,0,5.185943116,6.201767752
2.798773517,-6.91224173,1.860945535,-1.005980768,34.24559324,0,4.228459238,3.70357041
1.265128898,-9.0101161,1.37451979,-2.305599436,37.9643976,0,2.963477792,0.749884633
-0.280655439,-11.07422094,0.896523187,-3.412398467,-0.945947143,0,1.473398606,-3.213143606
-1.989970179,-13.26155564,0.123357252,-4.433048242,-25.44843079,0,-0.277550961,-7.481423927
-3.79137483,-15.53832531,-0.486979175,-5.594459848,1.009357588,0,-2.219058366,-11.19307978
-5.458573744,-17.61130848,-0.750914482,-6.748866618,4.924754429,0,-4.144979977,-14.45084511
-7.022073862,-19.57223066,-0.976567575,-8.01931156,7.423411473,0,-6.148179495,-18.07411878
-8.089456357,-21.02959193,-0.517474645,-8.927674321,-32.01812828,0,-7.873304794,-22.18547779
-8.880541551,-22.04154974,0.450613147,-9.376139105,-55.30615547,0,-9.330149745,-26.1962452
-9.776688469,-23.05571067,1.338896366,-9.981161005,-27.34535694,0,-10.79164682,-29.49705739
-10.31051782,-23.64262409,2.65199471,-10.50103496,-19.89551592,0,-11.83283875,-31.7828969
-10.36703374,-23.58804884,4.393648783,-10.71159956,-13.63210664,0,-12.39624042,-33.77225326
-10.0657355,-23.05165684,6.236873094,-10.62083632,-49.82660877,0,-12.61586362,-36.05910928
-9.718329717,-22.33468826,8.013171875,-10.20473929,-66.80568139,0,-12.53076821,-37.93063878
-9.417635866,-21.4769501,9.497701498,-9.692512201,-32.93170464,0,-12.1949947,-38.6300426
-8.974530153,-20.37243283,10.66574935,-9.278290602,-20.53016515,0,-11.57971762,-38.28930461
-8.548417666,-19.243224,11.60088444,-8.910335446,-8.435541514,0,-10.79422694,-37.71661018
-7.994788377,-17.87184948,12.34222802,-8.220945634,-39.63223613,0,-9.759917935,-37.39955585
-7.406494048,-16.3433773,12.66516759,-7.217828108,-51.42345404,0,-8.516202781,-36.74340399
-7.430665333,-15.41310821,12.18577475,-6.647822115,-13.44926546,0,-7.562171782,-35.33433225
-7.636995635,-14.66084711,11.31249592,-6.363073591,1.629416403,0,-6.633976602,-33.1890006
-7.343655326,-13.4002263,10.63414343,-5.611597507,15.77103014,0,-5.217507417,-30.74374606
-7.23302147,-12.32640273,9.609488775,-4.876344813,-13.94932284,0,-3.956599763,-29.04319637
-7.428755159,-11.55697632,8.1396348,-4.22669815,-24.26594544,0,-2.931305327,-27.55588307
-7.54957529,-10.72520487,6.627092122,-3.3558673,12.93516107,0,-1.722378937,-25.25099148
-7.851206813,-10.06015165,4.943845522,-2.765564198,26.91920858,0,-0.629389117,-22.60992502
-7.965697056,-9.22972862,3.359060696,-2.213381287,40.19580348,0,0.472536896,-20.31340683
-7.873544121,-8.213986819,1.900469817,-1.408498699,6.891345885,0,1.589943273,-18.89481251
-8.160128396,-7.487292404,0.194093146,-0.681810126,-7.742154975,0,2.382155696,-18.06896297
-8.56810484,-6.808872097,-1.599102979,-0.124390115,26.01275808,0,3.038685964,-16.85323337
-8.877977312,-6.019342889,-3.307961018,0.208491613,35.78141403,0,3.599128015,-15.34018123
-9.217034051,-5.198436232,-4.901751909,0.406911933,41.84620773,0,3.971422541,-14.4153509
-9.488116471,-4.231808099,-6.342301386,0.68700489,3.375672045,0,4.220310814,-14.4758253
-9.793980793,-3.255728647,-7.778241366,0.960454227,-12.54082828,0,4.231664718,-14.93566259
-10.21672653,-2.30532184,-9.14974151,1.139512256,16.81851329,0,4.101064096,-14.90813798
-10.61433196,-1.28982263,-10.39959145,1.167501036,23.5305634,0,3.894516332,-14.47087767
-10.9117703,-0.289050946,-11.52402875,0.911265054,31.21131898,0,3.444573656,-14.52680324
-11.02756428,0.862011353,-12.28722434,0.799302044,-6.912915363,0,2.959200757,-15.38826744
-11.06093208,2.099561809,-12.94035416,1.02702174,-22.56275321,0,2.485137865,-16.37779468
-11.23024292,3.038794807,-13.78254894,0.910540715,9.34782981,0,1.726255623,-16.86073593
-11.45690168,3.74675222,-14.56573559,0.369045947,18.91542392,0,0.774486721,-16.95185441
-11.39733296,4.582337931,-15.07392393,-0.044337427,26.72653015,0,-0.077096677,-17.24230371
-11.04456309,5.497287619,-15.42238993,-0.300091003,-11.54164282,0,-0.90359699,-18.18226422
-10.73948229,6.172247505,-15.86913108,-0.554688874,-24.73592573,0,-1.885662985,-19.34976997
-10.46720037,6.636125323,-16.37683879,-0.811103911,6.476716395,0,-2.883294452,-19.74688994
-10.0654061,6.995609958,-16.82571684,-1.212441614,13.5078154,0,-3.820234311,-19.43182117
-9.390677406,7.362366024,-17.06305378,-1.604135908,21.69943778,0,-4.63040973,-19.37770917
-8.326736816,7.908967468,-16.94651619,-1.500960197,-17.45633466,0,-5.135079211,-19.72189603
-7.146555285,8.398631997,-16.74968741,-0.971178921,-33.62894446,0,-5.444102037,-19.75297668
-6.065022592,8.545660231,-16.58984248,-0.470966225,-3.492881741,0,-5.666647633,-18.96279594
-4.805874049,8.59038195,-16.14006332,0.066135998,4.098875005,0,-5.579848458,-17.34230199
-3.063629324,8.916732784,-15.18401924,1.03695168,10.1556206,0,-4.959592478,-15.37673001
-1.024434057,9.348835515,-13.88462566,2.494327248,-31.43499584,0,-3.954010746,-13.59726789
0.981925418,9.502107705,-12.46483652,4.245946187,-44.67930803,0,-2.748441565,-11.63603105
2.857269065,9.380303695,-11.01039276,5.98825129,-12.45932336,0,-1.369577694,-8.73354444
4.83547965,9.252230062,-9.421387228,7.672540044,-5.009727089,0,0.260994734,-4.905078958
7.122181887,9.234968425,-7.50869802,9.547926049,5.798548395,0,2.225789188,-1.049576548
9.230249894,9.007015874,-5.605788106,11.44237644,-29.28741546,0,4.106678474,1.997016223
10.97571307,8.473958467,-4.043578777,13.1830877,-37.29349526,0,5.738804615,4.790674202
12.49354743,7.615435532,-2.740333405,14.66496934,1.558844012,0,7.258526788,8.133222244
13.44343942,6.220976667,-1.871436152,15.4824026,16.12083824,0,8.277686806,11.4685446
14.18386809,4.753433011,-1.258826562,15.8773999,32.62592529,0,8.936570871,14.01620838
14.83939318,3.204887692,-0.776490252,16.19015844,2.975119169,0,9.377704082,15.48276453
14.58933452,0.858037831,-1.082756267,15.9196508,-0.673243836,0,8.969024863,16.02106062
13.78510299,-1.867471104,-1.983491885,15.07017208,40.00356134,0,7.973413099,16.5077906
12.9902081,-4.492341009,-2.895726276,14.00564531,55.77090225,0,6.878918286,17.23361669
11.88138908,-7.283433145,-4.07040422,12.55756129,71.91065976,0,5.331554689,17.08147682
10.61749944,-10.0445857,-5.458412154,11.03743214,40.30781018,0,3.427219244,15.58775219
9.309680169,-12.68644684,-6.883932178,9.758274716,33.22900064,0,1.443264222,13.84241321
7.939860376,-15.19851602,-8.34388997,8.49319992,67.57035296,0,-0.595671602,12.62619417
6.769275783,-17.2918426,-9.624095932,7.237434846,76.86108056,0,-2.545742993,11.63690308
5.743364328,-19.06438021,-10.74254926,6.036926646,83.10943894,0,-4.462456858,10.20309497
5.140488482,-20.22247264,-11.45193593,5.358755958,37.36441797,0,-6.041697608,8.245056442
4.991252418,-20.64957909,-11.65458885,5.389929902,14.64540681,0,-7.128528247,6.395368892
4.816153312,-20.84846493,-11.7528271,5.447895579,32.25060319,0,-8.105352024,5.192064153
4.90873825,-20.51092075,-11.53501292,5.558255996,25.54838968,0,-8.679563932,4.778381586
5.578227458,-19.31259238,-10.66906316,6.197271444,12.09507211,0,-8.603678706,4.51033792
6.674671616,-17.43344325,-9.208223706,7.405760357,-50.98402597,0,-8.053568557,3.88463288
7.877030197,-15.10122594,-7.507672149,8.948601496,-81.97561326,0,-7.129753744,3.626295507
8.98580966,-12.55556383,-5.767920908,10.50761523,-72.02044734,0,-5.992060647,4.314040961
10.3192302,-9.60452108,-3.63679555,12.07776875,-82.75963546,0,-4.501323854,5.860574968
11.90355993,-6.169273618,-1.163275112,13.72533763,-90.33051684,0,-2.676018398,7.586697702
13.40584939,-2.590022181,1.335279238,15.37691902,-143.4630645,0,-0.880070953,8.66457635
14.68650729,0.862001409,3.773375913,16.91850238,-161.5056095,0,0.821275436,9.699151156
15.67752756,4.077023968,5.959145283,18.00004097,-133.3666629,0,2.366401448,11.50464972
16.37004771,7.078602706,7.853540829,18.41111951,-123.1858777,0,3.581434795,13.55948426
16.81825265,9.855681495,9.575224524,18.33060027,-110.2861792,0,4.497773656,14.99762012
16.96832006,12.23698083,10.96471499,17.83510382,-143.9256637,0,5.05956085,15.48370491
16.62637274,14.04801042,11.80477261,16.78263962,-141.6610802,0,5.091228769,15.44003435
15.68193187,15.22621095,11.98612965,14.98613191,-95.74510702,0,4.570913407,15.45904346
14.26542849,15.79968231,11.57652749,12.3673221,-72.31328395,0,3.580916269,15.49810435
12.68762761,16.0168061,10.97851988,9.255221259,-48.10679235,0,2.329417539,14.84566613
10.88420427,15.85204684,10.02403824,5.854275105,-72.62525941,0,0.748602533,12.91350874
8.742361477,15.150873,8.524427037,2.175986315,-65.07466485,0,-1.162419369,10.49253273
6.460292685,14.10610008,6.893402566,-1.681677569,-17.20205572,0,-3.089369251,8.620354166
4.039433288,12.7196265,5.060288068,-5.906619982,6.22132729,0,-5.13754383,6.831149662
1.977643901,11.42400538,3.407885029,-9.93817466,27.75762283,0,-6.930574507,4.623321883
0.44131566,10.41700048,2.243951583,-13.24531917,-1.236117161,0,-8.175344049,2.012424489
-1.101409185,9.229497747,1.066818733,-16.23768797,-0.061323791,0,-9.315597108,-0.75437446
-2.344627677,8.188456271,0.157216596,-18.73776638,40.15108313,0,-10.0212763,-2.731876982
-2.953799858,7.639606246,-0.139499958,-20.54649051,57.1464737,0,-9.968503768,-3.719044191
-2.968779738,7.547878555,0.120242852,-21.67012537,70.08077115,0,-9.335399006,-4.633781861
-2.379341755,7.991882602,0.998443315,-21.76831857,32.32195341,0,-8.06012193,-5.864599146
-1.347921336,8.934983863,2.346787569,-20.9183699,29.00694435,0,-6.195285754,-6.629016049
0.006608575,10.19947365,3.939445865,-19.53960002,63.37418364,0,-3.923131385,-6.19423623
1.825515056,11.86841507,5.947425069,-17.58575767,74.34957197,0,-1.11876567,-4.729430169
4.225684641,14.20511889,8.571144467,-14.91137219,84.33862542,0,2.226505637,-2.947222455
6.78336243,16.72421621,11.25469671,-11.92101609,43.30313793,0,5.595876403,-1.556809482
9.259855782,19.08249119,13.73746531,-8.710210119,37.08664084,0,8.892469951,0.013408373
11.6735436,21.37848194,16.17960752,-5.391061107,69.30307147,0,12.18003477,2.626046766
13.66333222,23.20500186,18.17550061,-2.685842711,77.95362843,0,14.9902979,5.671444285
15.18139285,24.41202538,19.62664063,-0.665133843,85.21363228,0,17.17234361,8.128362881
16.36002558,25.13957615,20.74299647,1.060274768,42.05658874,0,18.86034237,9.638010269
16.76128114,25.00197722,21.11913387,2.167113016,34.169327,0,19.77207343,10.64055491
15.92162334,23.53415443,20.29192762,1.985704487,63.69240846,0,19.49785836,11.55437285
14.35156617,21.23521276,18.80012849,0.746110599,71.00742345,0,18.4335145,12.24866382
12.45779927,18.53339135,17.06095414,-1.033052643,76.50263844,0,16.9303624,12.08881634
9.719218014,14.96073024,14.53779683,-3.568474682,30.33579531,0,14.49969805,10.33495462
6.190541264,10.66935807,11.29344676,-6.765263218,20.92340287,0,11.27602133,7.61385065
2.397746821,6.189491808,7.889308278,-10.20129147,48.92912435,0,7.877789523,5.192319924
-1.660298361,1.51458963,4.336855254,-14.01266896,54.81545704,0,4.253003259,2.836333988
-5.879398945,-3.195236394,0.671603466,-18.14660689,57.19554996,0,0.336140497,-0.567986444
-9.77615446,-7.452696982,-2.636833746,-21.78493254,8.864995134,0,-3.338326157,-4.833884867
-13.39737614,-11.28563585,-5.594796071,-24.75761778,1.267446856,0,-6.629181204,-8.901710648
-16.93952709,-14.87065751,-8.426668665,-27.56379051,28.29448523,0,-9.763033704,-12.31872525
-20.00303751,-17.86111917,-10.74094067,-29.98839036,33.36829591,0,-12.40936794,-15.03530838
-22.23484494,-19.94157664,-12.26042332,-31.55863097,39.1497331,0,-14.26424109,-17.41343945
-23.63680391,-21.08911159,-13.03466946,-32.05785055,-6.998786901,0,-15.38054521,-19.76924432
-24.48300378,-21.60636882,-13.24857651,-31.67929892,-13.15695071,0,-15.87551699,-21.45524579
-24.83897934,-21.59583757,-13.01534109,-30.69304113,17.26215479,0,-15.73424301,-21.5807707
-24.36219373,-20.74974713,-12.10762269,-29.00556381,26.23614573,0,-14.80282738,-20.2733625
-23.06679318,-19.16352517,-10.48340287,-26.59910562,32.93045163,0,-13.14794451,-18.45263652
-21.2560669,-17.10038717,-8.436017527,-23.5082004,-12.780691,0,-11.01674726,-16.552517
-19.06716433,-14.68817352,-6.174742552,-19.89005978,-15.28995433,0,-8.527756392,-13.99933966
-16.57916823,-12.0947548,-3.707850588,-16.0170516,16.13666386,0,-5.653714853,-10.16960313
-14.02739893,-9.52921328,-1.291673751,-12.29644225,24.03969735,0,-2.734825295,-5.657926137
-11.42254996,-6.970542953,0.998587559,-8.820707669,32.62449033,0,0.025977186,-1.49444989
-8.589567823,-4.256832464,3.470199035,-5.083634303,-11.08587017,0,2.943658718,2.146643878
-6.091671676,-1.935059942,5.575130963,-1.530283339,-12.49473404,0,5.562417208,5.4492128
-4.24106127,-0.26313893,6.941150203,1.197249368,20.45002677,0,7.506197867,8.837571354
-2.643748414,1.161615685,8.080159423,3.357560375,30.07056122,0,9.148330795,12.28041157
-1.311988917,2.262274983,8.995213902,5.033116879,40.44853345,0,10.39731667,14.70303573
-0.320127623,3.040843571,9.558019987,6.366800258,-2.469926695,0,11.18088921,15.91178362
0.141236661,3.358795671,9.694543493,7.262648226,-4.317822165,0,11.42265084,16.52775958
-0.036424798,3.010644049,9.237312062,7.362173344,28.62982497,0,10.98709374,16.95462894
-0.424058499,2.492379454,8.524781322,6.894666109,37.97848806,0,10.25041298,17.51740427
-0.966024607,1.859098707,7.771548858,6.050244376,45.79246617,0,9.24171591,17.48377415
-1.589741265,1.083007154,6.926173967,5.098821482,1.221788883,0,7.937516533,16.32217884
-2.25055914,0.350611101,5.901022652,4.080712678,-0.831595473,0,6.492311111,15.03691899
-3.31627821,-0.719212482,4.538875188,2.550393079,29.83606658,0,4.734598038,14.36068697
-4.162282714,-1.651009145,3.384387476,0.99766297,37.74620861,0,3.126266139,14.27206432
-4.361987211,-1.913915239,2.715253619,-0.182860887,44.62141545,0,1.96235515,14.16713821
-4.502652933,-2.071377712,2.081282954,-1.196683493,-2.375136287,0,0.818376555,13.52953341
-4.50657802,-2.148355707,1.539490119,-1.788539818,-5.60123494,0,-0.138727479,13.15915541
-4.113808414,-1.82187772,1.276238757,-1.979189716,23.82175234,0,-0.636140701,13.91427185
-3.373135151,-1.118879479,1.29913406,-1.896752996,30.05154517,0,-0.738589748,15.53612999
-2.303447979,-0.174373362,1.561470888,-1.458318259,35.62314844,0,-0.584652833,16.99894619
-0.906996888,1.036882387,2.022374015,-0.470053388,-11.59826346,0,-0.162795006,17.92714829
0.750921395,2.556691296,2.644901463,1.158613191,-12.65499443,0,0.628160153,19.18196039
2.306323181,3.949805698,3.091041961,2.769659052,18.10518918,0,1.430697224,21.11861685
3.731520356,5.101381061,3.373327822,4.147988041,26.01383829,0,2.134847383,23.27584245
5.318572167,6.398297846,3.798426624,5.769046135,35.17200145,0,3.003010997,24.99807739
6.895779488,7.694063367,4.174124373,7.533902203,-9.842506667,0,3.843202524,25.83341754
8.098072761,8.544854859,4.202374955,9.163205349,-9.048541404,0,4.415821188,26.27040479
8.629223911,8.712057281,3.709758506,10.30746659,23.10759656,0,4.554841257,26.83719194
8.710330262,8.440158831,2.905127347,10.86979494,30.73585676,0,4.34704406,27.35115409
8.912518031,8.220456809,2.260351551,11.40313318,38.9134823,0,4.217774976,27.19312131
8.72850449,7.598601077,1.358782424,11.74380813,-7.533593728,0,3.768847168,25.76144782
7.722795431,6.211491215,-0.121743644,11.58018166,-9.021070327,0,2.711512186,23.7358188
6.557969223,4.667298776,-1.634095142,11.17837452,20.66326883,0,1.65091137,22.18534774
5.318574097,3.048767667,-3.115102485,10.4077444,26.90484309,0,0.589983696,20.75236814
3.862364049,1.258104436,-4.586481192,9.395682635,31.79811046,0,-0.605647802,18.69001466
2.575238431,-0.333103907,-5.716916788,8.627468082,-17.82165362,0,-1.585986383,16.02311485
1.29825979,-1.851213389,-6.708252209,7.926307133,-19.8357925,0,-2.442525167,13.3074245
-0.238955701,-3.542519092,-7.724127839,6.994609057,7.5255704,0,-3.319844096,11.22277078
-1.475446028,-4.931177603,-8.27568328,6.145413144,11.96067613,0,-3.803373185,9.881554158
-2.258508968,-5.875519958,-8.281001753,5.559402611,15.35613023,0,-3.884303811,8.341085136
-2.951393191,-6.670882701,-8.03670199,5.199225548,-35.90521111,0,-3.863426522,6.128981571
-3.636507236,-7.429990263,-7.735734145,4.988847951,-36.32101941,0,-3.788885065,3.982427177
-4.212136917,-8.10688824,-7.347418337,4.849445665,-8.871014576,0,-3.556207932,2.632554137
-4.559477762,-8.572258431,-6.718829058,4.7654814,-4.837332286,0,-3.139898856,1.868489545
-5.023553587,-9.140139096,-6.27038326,4.330715702,1.176714772,0,-3.038651341,0.369803909
-5.311405506,-9.543390811,-5.831086656,4.098569118,-47.97037469,0,-2.96197115,-1.877025554
-5.34130775,-9.704387116,-5.31359983,4.341999358,-46.6880707,0,-2.717015129,-3.847245863
-5.920898214,-10.37263649,-5.444371248,3.875570123,-17.33361827,0,-3.092419372,-5.578155311
-6.51132971,-11.07437958,-5.81880997,3.02250769,-11.65888909,0,-3.672739239,-7.022560146
-6.598756143,-11.33825895,-5.975353956,2.543383271,-3.955635688,0,-4.009928881,-8.622587973
-6.72602644,-11.62775317,-6.362554417,1.988850397,-52.95087196,0,-4.621494772,-11.04626339
-6.958173316,-12.03213235,-7.092934289,1.312243144,-52.05345177,0,-5.496022034,-13.51607906
-7.165363909,-12.44972183,-7.990378551,0.622566576,-21.99834836,0,-6.393263446,-15.21303004
-7.337723669,-12.85974353,-8.982801129,-0.27412341,-16.34058335,0,-7.338134004,-16.3929697
-7.261886242,-13.05378481,-9.882651572,-1.174181628,-10.17328114,0,-8.224893177,-17.86621885
-7.003360822,-13.04515855,-10.64038466,-1.811212289,-58.99475977,0,-9.024756865,-19.95564702
-6.942515751,-13.19975438,-11.49422164,-2.326406401,-56.04236443,0,-9.889018903,-21.94417266
-7.073212704,-13.52989108,-12.42235384,-2.952054133,-25.45745914,0,-10.71577461,-23.09462867
-6.986118444,-13.59356664,-12.9421445,-3.539644334,-18.71316388,0,-11.16041695,-23.50880698
-6.833611544,-13.49335411,-13.07819151,-4.017804327,-9.856956926,0,-11.39016551,-24.25525526
-6.882770333,-13.50866928,-13.10502829,-4.345185474,-56.40829248,0,-11.5843887,-25.70538625
-6.659508358,-13.18326284,-12.56524498,-4.064039727,-51.58925851,0,-11.191831,-26.51008995
-6.54447997,-12.80978255,-11.74352061,-3.778199091,-19.16106175,0,-10.50891135,-26.37003983
-6.768552602,-12.59484622,-10.86990531,-3.80707636,-10.15415716,0,-9.829463132,-25.91256771
-6.426865771,-11.73640672,-9.201958441,-3.215823204,-0.405349854,0,-8.479000087,-25.28695904
-5.841546184,-10.51715338,-7.109811533,-2.184888065,-46.41640325,0,-6.749511022,-24.9986498
-5.635847499,-9.472017335,-5.161759358,-1.120223835,-39.62610851,0,-5.103554743,-24.66164466
-5.498063746,-8.374037344,-3.143753966,0.02300273,-6.851576579,0,-3.328336058,-23.37632382
-5.188787669,-7.039493213,-0.985914374,1.147602019,2.018766864,0,-1.360498352,-21.45897742
-4.865626873,-5.612745905,1.156237537,2.304059891,11.76213131,0,0.563357249,-19.96218577
-4.743177878,-4.339203054,3.032447269,3.488517925,-35.45164982,0,2.191061674,-19.27049093
-4.854372687,-3.307645614,4.452744288,4.622196217,-29.84385607,0,3.510756585,-18.63659354
-5.290127081,-2.602951936,5.414545874,5.442522657,1.027127838,0,4.460490077,-17.50161199
-5.91210578,-2.097468456,6.02624448,5.85286911,8.058010122,0,5.043791098,-16.15666022
-6.676002911,-1.863113253,6.167729663,5.948882276,15.11491875,0,5.168158993,-15.58782289
-7.69777267,-1.973362179,5.862307898,5.889630063,-34.64810142,0,4.774835936,-16.12348506
-8.856351207,-2.217732501,5.256956033,5.82122184,-28.47602998,0,4.096922342,-16.65206146
-10.30190706,-2.840585907,4.127466254,5.352746798,1.821550841,0,3.040825865,-16.65608864
-11.91311392,-3.753315536,2.703775712,4.394892999,8.114665759,0,1.649721524,-16.59733148
-13.33561981,-4.522496795,1.389019719,3.406564213,16.86122277,0,0.213321673,-16.91768801
-14.6062708,-5.193146989,0.098232075,2.599030366,-31.7242576,0,-1.204257838,-17.73174906
-15.78126012,-5.862489217,-1.16137017,1.871293353,-24.23188513,0,-2.566966838,-18.42463525
-17.01015296,-6.642626354,-2.405255893,0.82614835,7.250612132,0,-3.944211938,-18.33309237
-18.02111728,-7.292441316,-3.370826192,-0.352698196,13.88670881,0,-5.101172769,-17.51124823
-18.35361576,-7.388393579,-3.658589834,-1.151702358,22.91388294,0,-5.737033706,-16.75592389
-18.31324297,-7.180071666,-3.50692027,-1.745499766,-25.76428443,0,-6.055904551,-16.46232347
-18.10350818,-6.907958422,-3.061879544,-2.165282231,-19.00295899,0,-6.100796718,-15.76485388
-17.56423201,-6.42664273,-2.203832584,-2.403091697,11.57138208,0,-5.763302138,-14.11850144
-16.597733,-5.568043992,-0.833480969,-2.576028557,17.88735465,0,-4.981364958,-11.84803098
-15.08406737,-4.272409238,1.087268843,-2.420884565,24.95170781,0,-3.71289383,-9.64972788
-13.14188501,-2.652952344,3.354285938,-1.794346949,-25.72427884,0,-2.126579461,-8.049462473
-11.03609067,-0.864492702,5.824391002,-0.811431846,-19.02837314,0,-0.320671771,-6.291708864
-8.93391612,0.880971875,8.182257835,0.144805236,9.94693362,0,1.546187724,-3.737201124
-6.719349663,2.682178726,10.39663683,0.99501762,14.83875416,0,3.446281384,-0.906878593
-4.153335119,4.82207102,12.85160127,2.171007316,21.02854043,0,5.544124965,1.523097716
-1.602005393,6.955444624,14.99792472,3.48686254,-30.50564657,0,7.433976387,3.055571925
0.538323669,8.71093296,16.41124079,4.654401487,-22.86646704,0,8.892949128,4.290318253
2.404119751,10.16519473,17.42218053,5.638730758,5.97985619,0,10.10424064,6.047562856
4.038716702,11.39924104,17.89744733,6.19339725,10.9091881,0,10.91411529,7.688588654
5.518821915,12.54396695,17.90361244,6.56728845,18.31941047,0,11.38775474,8.454307798
6.782784622,13.42997673,17.54624213,6.960986101,-33.09068777,0,11.51376835,8.24421016
7.501189861,13.76559421,16.49459785,6.968510353,-25.14474563,0,11.06460123,7.487738156
7.777421913,13.71400841,14.86213641,6.499695488,3.348422484,0,10.24109258,7.046967199
7.90446084,13.44342046,12.99831116,5.738399549,7.321009713,0,9.205506317,6.804990184
7.897384243,12.9865547,10.97420454,4.658972485,13.68760187,0,7.919829112,5.702305428
7.879517828,12.50373242,8.917432277,3.614057207,-40.34032154,0,6.622939469,3.882133958
7.818575002,11.8642329,6.880716849,2.736799646,-34.49297484,0,5.404945572,2.368848085
7.33577625,10.74110548,4.557953555,1.355129227,-6.792582324,0,3.948231826,1.331275787
6.995465955,9.743559484,2.480755961,-0.119888155,-4.225286224,0,2.726017798,0.865543631
7.391773218,9.377692483,1.319376449,-0.914015608,0.469709581,0,2.30883741,0.724994408
7.761183035,8.911537115,0.325749113,-1.541392672,-52.39390912,0,2.017271808,0.022978078
7.947341848,8.313692525,-0.621544491,-2.072621647,-43.29255272,0,1.739988937,-0.519193093
8.557422853,8.21806853,-0.822855576,-2.044699887,-13.51126744,0,2.163853339,0.375751868
9.370253958,8.374190086,-0.599768576,-1.79730021,-7.6661952,0,3.000902163,2.018490932
10.30888755,8.723157002,-0.038152221,-1.375339472,2.052483652,0,3.978351944,3.236043988
11.48971266,9.454209993,1.030665385,-0.382413493,-46.46384328,0,5.246946428,4.062177227
12.45659392,10.17876974,2.08854954,0.837275764,-34.0942431,0,6.48349029,5.064593399
13.2130372,10.83486496,3.098216588,1.983475688,-1.266395889,0,7.617769158,6.627774355
13.97040098,11.57581047,4.194708242,3.087705245,7.99208629,0,8.706362626,8.48492393
14.5720675,12.2939788,5.177113612,4.008003432,18.6293668,0,9.501881953,9.581624262
14.93415078,12.8729224,5.956113352,4.851195587,-29.80880504,0,9.895160525,9.501757187
15.00146992,13.20886496,6.365724306,5.717724027,-14.83048081,0,9.907076635,9.156484501
14.68513232,13.22093414,6.302491462,6.15000097,18.600554,0,9.4881363,9.109804123
13.98986354,12.83174624,5.799845892,5.847238562,27.103863,0,8.504557011,8.743480935
13.36535477,12.44115999,5.178418304,5.482263629,38.84076709,0,7.300504444,7.474876758
12.79778018,12.10011564,4.468447402,5.29284938,-9.050541909,0,5.991617679,5.323960042
11.75467431,11.20564399,3.173592313,4.643764377,5.36204139,0,4.148393274,2.737752407
10.62331846,10.10682342,1.614653902,3.727566904,37.93278785,0,2.191367126,0.621708146
9.656394173,9.094762925,0.164103361,2.739219233,45.55052225,0,0.417588955,-1.045269611
8.868133241,8.103409344,-1.204774041,1.661322555,54.38371346,0,-1.274361051,-3.219120377
8.339288764,7.302819445,-2.444660386,0.897297955,3.210513845,0,-2.705551576,-5.871935404
7.602938784,6.246984424,-3.819069135,0.16391284,15.4769063,0,-4.069888367,-8.124338235
6.871635978,5.034519109,-5.142041046,-0.699598942,43.54639994,0,-5.206337059,-9.27424494
6.565185107,4.243448193,-6.052760308,-1.31648795,46.97586005,0,-5.7453872,-9.457656298
6.254434739,3.445838309,-6.809374383,-1.89453511,52.39226598,0,-6.074629435,-9.66180855
5.856707777,2.447669045,-7.512662413,-2.33965132,-3.562742037,0,-6.326382267,-10.10339344
5.64616763,1.681893876,-7.917891591,-2.261403871,4.870929589,0,-6.11683948,-9.751121964
5.21953041,0.733579852,-8.300175867,-2.32150581,29.35049841,0,-5.768558321,-8.239313744
4.543897121,-0.526705603,-8.740044279,-2.69660143,29.71074241,0,-5.495394413,-6.169935402
4.199918506,-1.414196745,-8.688782113,-2.61549096,31.40569297,0,-4.841558855,-4.204297822
3.914876146,-2.218414776,-8.360005187,-2.281678284,-28.55187132,0,-4.037507347,-2.622016836
3.19366465,-3.461165229,-8.304630012,-2.182189374,-20.39765191,0,-3.537650075,-0.975411509
2.41393732,-4.69607811,-8.159475896,-2.044857962,3.333180928,0,-2.984323346,1.326416018
1.830204068,-5.69029298,-7.629999255,-1.897721055,1.74771661,0,-2.225701703,4.047731869
1.152310952,-6.738482218,-7.147485859,-2.025093924,4.8812047,0,-1.711291098,6.062077509
0.493887017,-7.731613521,-6.670114715,-2.026216886,-52.04385625,0,-1.347475582,7.124205803
-0.010303674,-8.483965202,-5.950375041,-1.706361366,-41.51757972,0,-0.864773611,8.255605234
-0.812599619,-9.431923131,-5.601821095,-1.778945363,-14.74152665,0,-0.729313573,9.765793818
-1.683095491,-10.44970112,-5.497194084,-2.26158178,-11.14834753,0,-0.882147643,11.25524576
-1.99328434,-10.84724861,-4.877290573,-2.327823351,-3.575547203,0,-0.762233913,12.19813825
-2.259906631,-11.12888846,-4.452452559,-2.185307648,-57.78729131,0,-0.836926714,12.19856444
-2.769881954,-11.60591567,-4.51372679,-2.223598383,-42.43219036,0,-1.266456974,12.01526111
-3.159545012,-11.86347252,-4.513888633,-2.223402306,-10.95106163,0,-1.630346961,12.36902713
-3.448157448,-12.01087532,-4.631911907,-2.286774764,-5.464996366,0,-2.061052041,12.77384388
-3.520333614,-11.90020034,-4.706389027,-2.29848447,4.458798692,0,-2.438745054,12.55491908
-3.549582504,-11.65195512,-4.780561963,-2.157487777,-45.94422748,0,-2.822614459,11.43676442
-3.901408144,-11.74122819,-5.255402298,-2.132671802,-29.30956516,0,-3.489076258,9.978221238
-4.406548391,-11.96389382,-5.840543818,-2.330828925,1.318622298,0,-4.15144314,9.06844759
-4.980109237,-12.23773526,-6.400069149,-2.858978031,7.299987303,0,-4.792282938,8.346604163